{"extensionType":"field_faas","i18nMap":{"zh-CN":{"universe":"高校全称","major":"专业全称","placeholderUniverse":"请选择高校全称对应的字段 [文本类型或单选类型]","placeholderMajor":"请选择专业全称对应的字段 [文本类型或单选类型]","domesticUniversityRanking":"国内大学排名","domesticUniversityIdentifier":"国内大学标识","domesticMajorRanking":"国内专业排名","domesticMajorRating":"国内专业评级","help_document":"点击查看说明文档"},"en-US":{"universe":"UniversityFullName","major":"MajorFullName","placeholderUniverse":"Please select the corresponding field for the university full name [Text type or Single-select type]","placeholderMajor":"Please select the corresponding field for the major full name [Text type or Single-select type]","domesticUniversityRanking":"DomesticUniversityRanking","domesticUniversityIdentifier":"DomesticUniversityIdentifier","domesticMajorRanking":"DomesticMajorRating","domesticMajorRating":"DomesticMajorRanking","help_document":"Click here to view the documentation"},"ja-JP":{"universe":"大学のフルネーム","major":"学部のフルネーム","placeholderUniverse":"大学のフルネームに対応するフィールドを選択してください [テキストタイプまたはシングルセレクトタイプ]","placeholderMajor":"学部のフルネームに対応するフィールドを選択してください [テキストタイプまたはシングルセレクトタイプ]","domesticUniversityRanking":"国内大学ランキング","domesticUniversityIdentifier":"国内大学識別子","domesticMajorRanking":"国内学部評価","domesticMajorRating":"国内学部ランキング","help_document":"ドキュメントを表示するにはここをクリックしてください"}},"fields":[{"fieldType":25,"uiSchema":{"fieldsConfigEditor":{"component":"OpenFieldMetaEditor","props":{"schema":{"items":[{"key":"universe","label":"${{universe}}","component":"FieldSelect","props":{"placeholder":"${{placeholderUniverse}}","supportType":[3,1]},"validator":{"required":true},"tooltips":[{"type":"link","text":"${{help_document}}","link":"https://jfsq6znqku.feishu.cn/wiki/FKURwF0FqiXChGkgM0AcFxgsnVc?fromScene=spaceOverview"}]},{"key":"major","label":"${{major}}","component":"FieldSelect","props":{"placeholder":"${{placeholderMajor}}","supportType":[3,1]},"validator":{"required":false}}]}}}},"presetFieldConfig":{"fieldProperty":{"propertyType":25,"icon":{"light":"https://lf3-static.bytednsdoc.com/obj/eden-cn/abjayvoz/ljhwZthlaukjlkulzlp/2024q3/telephone.svg?x-resource-account=public"},"properties":[{"key":"id","title":"id","hidden":true,"propertyType":1},{"key":"primaryProperty","title":"${{domesticUniversityRanking}}","propertyType":2},{"key":"domesticUniversityIdentifier","title":"${{domesticUniversityIdentifier}}","extra":{"options":[{"name":"985"},{"name":"211"},{"name":"Top2"},{"name":"双一流"},{"name":"C9"},{"name":"普通高校"}]},"propertyType":4},{"key":"domesticMajorRanking","title":"${{domesticMajorRanking}}","propertyType":2},{"key":"domesticMajorRating","title":"${{domesticMajorRating}}","extra":{"options":[{"name":"A+"},{"name":"A"},{"name":"A-"},{"name":"B+"},{"name":"B"},{"name":"B-"},{"name":"C+"},{"name":"C"},{"name":"C-"},{"name":"未收录"},{"name":"未找到专业，请输入全称"}]},"propertyType":3}]},"externalEditorConfig":{"popover":{"imageUrl":{"light":"https://test-wby-bucket.oss-cn-beijing.aliyuncs.com/zdjj-006-gxpm-v3.png"},"desc":"👆 扫码加入交流群"}}}}]}